Marca temporal,Tu nombre completo,¿Cuántas campañas de fumigación con drones llevás trabajadas?,"Contá tu día completo de trabajo, desde que te levantás hasta que se guarda el dron, paso por paso, como si se lo explicaras a un piloto nuevo.","¿Cómo recibís hoy la orden de qué lote fumigar, con qué producto y cuántos litros por hectárea? ¿Quién te la da y en qué formato (papel, WhatsApp, verbal)?","Antes del primer despegue, ¿qué revisás del dron y del entorno? Enumerá tu checklist real, en orden.","¿Qué parámetros de vuelo colocás vos en la app de DJI (altura, velocidad, caudal, ancho de pasada) y quién los define?","Durante el día, ¿cómo sabés cuántas hectáreas llevás? ¿Qué pantalla o dato mirás?","Al terminar un lote, ¿qué hacés exactamente, en orden? ¿A quién avisás y qué le entregás?",¿Dónde termina tu responsabilidad y empieza la del auxiliar? Dá un ejemplo de algo que hoy hacen los dos y no está claro de quién es.,"¿Quién decide parar por viento o clima: vos, el jefe de campo o el agrónomo? Si no están de acuerdo, ¿quién tiene la última palabra? Contá una vez que pasó.","Si el caldo sale mal (grumos, espuma, se corta), ¿de quién es la responsabilidad y qué se hace con ese tanque?","¿Qué decisiones tomás solo, sin consultar a nadie, y cuáles consultás siempre?","Contá la última vez que dejaste un lote a medias. ¿Por qué fue, qué hiciste al entregarlo, quién lo terminó y cómo se supo cuántas hectáreas hizo cada uno?","Cuando el RC retoma una misión que empezó otro piloto, ¿qué muestra la pantalla? ¿Hubo alguna vez discusión por hectáreas de uno anotadas al otro?","¿Qué hacés cuando el dron marca un error en pleno vuelo (ESC, motor, batería)? Paso a paso, con un ejemplo real.","¿Qué sectores no aplicás (cables, casas, colmenas, agua, cabeceras) y cómo lo decidís? ¿Cómo queda anotado hoy que ese sector no se aplicó?",¿Alguna vez aplicaste con condiciones al límite porque alguien lo pidió? ¿Quién lo decidió y cómo quedó registrado?,"Un día que amanece lloviendo, ¿qué hace cada uno del equipo?","¿Qué modelo de dron operás? En un día bueno, ¿cuántas hectáreas hacés? ¿Y en un día malo?","¿Cuántos minutos vuela una batería con tanque lleno, y cuántos tanques hacés por hora, aproximado?",¿Cuántas veces en la última campaña cambiaste de dron por falla a mitad de un lote?,"¿Qué es lo que más molesta o te parece menos justo del trabajo hoy (lotes, pagos, horarios, equipos)?","Para vos, ¿qué es un lote ""bueno"" y qué es un lote ""malo""? ¿Cómo deberían repartirse los malos para que sea justo?","Si una app en el RC te pidiera registrar datos al cerrar cada lote, ¿qué te parecería razonable registrar y qué sería una molestia en pleno trabajo?",¿Qué mejorarías de la coordinación con el auxiliar y con el jefe de campo?,¿Hay algo importante de tu trabajo que no te preguntamos? Contalo acá.
25/8/2026 12:42:55,Josue Haenke,3-4,"Nos dirigimos directamente a la siembra donde hay que fumigar, para esto si es que va ser el primer dia fumigando en ese lugar, ya esta todo guardado y listo para ir al chaco a fimugar, caso contrario si ya es un segundo dia, guardamos lo que es el control ya que se lo saca para poder hacer cargar toda la noche al igual que su bateria externa del control, verificamos que las llantas del auto y de la chata esten bien en caso si es que se lleva chata,vemos si el dron esta bien asegurado o si esta alguna manguera mal colocada por las vibraciones, al igual que el generador este bien asegurado.

Nos dirigimos al chaco y hacemos la logistica para ver en que parte vamos a estacionarnos para hacer la fumigacion, una vez la encontramos, procedemos a bajar el dron generador y baterias ,hacemos otra revision rapida para berificar que esta todo bien.

El ayudante le coloca una beteria al dron y el operador del dron procede a hacer el mapeo del campo, el mapeo se debe hacer durante el dia mientras haya sol, ya que de noche no se puede ver, una vez se hace el mapeo se procede a traer el dron para poder cambiar de bateria y hecharle el quimico para comenzar a  fumigar

Una vez esta todo verificado, el personal del cliente le echa el quimico al dron o si no, el ayudante del operador del dron le echa el quimico, seguido de que de igual manera el ayudante se encarga de colocar las barerias, una vez esta esto  se procede a hacer la fumigacion, el dron tarda entre 10 a 12 minutos en fumigar hasta acabar su bateria y su calda ( quimico ), una vez termina,  se lo trae nuevamente para hacer la recarga del quimico y el cambio de bateria,  se revisa que el dron no tenga algun problema, esto es repetitivo hasta acabar la fumigacion. 
Mientras ya se estan haciendo las ultimas hectareas para terminar de fumigar, el ayudante tiene que ir guardando las cosas que se sacaron de la camioneta mietras se fumigaba, para cuando llegue el dron sea solo guardarlo.
Una vez se termina de fumigar se prosede a limpiar el dron por fuera y por dentro, para que el quimico no fregue las mangueras o se endure, como tambien por fuera no se oxide, una vez labado se sube el dron a la chata o a la camioneta para retirarse del lugar o para ir a descansar y volver al siguiente dia


En cuestion de los quimicos puede que haya 2 ecenarios 

1. El cliente se encarga de hacer la mescla de los quimicos  y deja a una persona para que se encargue de echar el quimico al dron
2. EL cliente hace la mescla de los quimicos y nosotros nos encargamos de echarle al dron

En cualquiera de los dos casos, puede que haya retraso por motivos de que cuando llegamos al chaco resien estan comenzando a traer el agua, o los quimicos, o resien lo entan preparando, como tambien puede que hayan hecho una mala mescla y el quimico se les cuaje, aqui se pueden perder horas.

El clima
Este tambien es un factor que nos puede hacer retrasar
 - Vientos fuertes desde temprano
 - Lluvias mientras estamos fumigando
 - Sereno que cae demasiado en caso de fumigar de noche

Horas de fumigacion 
Normalmente es estre las 6 a 10 de la mañana y de 4 a 8 de la noche 
Esto por motivo de que de desde las 10 de la mañana hasta las 4 de la tarde el sol esta muy caliente y la gota se pulveriza y no cae al campo, y de 8 en adelante esta muy fuerte el sereno y la gota al llegar a la planta resvala 

esto pero no siempre es asi ya que puede estar nublado durante el dia y en las noches no siempre esta fuerte el sereno

Tmbien esto puede bariar dependiendo del cliente, hay clientes que dan permiso para fimugar todo el dia sin parar, como tambien hay clientes que quieren que paremos por el viento, sol y el sereno

Operador del dron 
Este se encarga de hacer el mapeo al llegar al campo y de hacer la fumigacion, mientras esta fumigando el piloto debe estar todo el tiempo mirando las camaras del dron por si hay algun obstaculo  que no vio, ya se una rama o un arbol, poder darse cuenta a tiempo y hacer que el dron pase sin ningun problema, tambien estar al tanto de problemas que tenga el dron mientras fumiga, ya que en el contrl muestra si algo esta pasando, ya sea que la betrias esten calientes o que alguna boomba este tapada

Ayudante del operdor 
Este se encarga de poner las baterias al dron cuando vuelve de fumigar, como tambien ponerlas a cargar, esta atento de lo que nesesite el operador mientras esta fumigando

Fumigacion del dron
El dron dura fumigando normalmente 10 a 12 minutos por vuelo
El tanque se va con 15 , 20 o 25 hasta 30 litros por vuelo, esto depende del tipo de dron como tambien el tipo de campo que se fumiga
Las baterias tardan en cargar 8 minutos con carga rapida del propio generador de DJI





","para saber que lotes se va a fumigar, se va con el cliente o su encargado, y nos muestra los lotes que se tienen que fumigar, del producto se encarga el cliente, el es quien hace la mescla, nosotros lo que hacemos es darle una sugerrencia de que tipo de quimicos no mesclar por que se pueden cuajar, pero en si ellos son ,los que se encargan de hacer la mescla del quimico, se echan 10 litros por hectareas eso es un nivel estandar ya que nosotros tenemos, pero si el cliente quiere que le echemos mas litros por hectareas se le echa, pero se le cobra mas, ya no lo acordado, por motivo de que serian mas horas de trabajo, el formato del quimico nos lo dan de varias formas, papel whatsapp o verbal, pero como dije anterior mente nosotros le hacemos una sugerencia de que quimicos no mesclar, pero ellos en si se encargan de hacer la calda","1 Brazos que esten asegurados 
2 Que se ponga o cambie baterias y que este cargada
3 Que se ponga el quimico al dron al nivel que el piloto requiera
4 Que no hayan bolsas serca del dron","Todo esto puede variar dependiendo del campo y del tipo de siembra que se fumigue, pero normalmente  
Altura de 4m a 5m
Velocidad 25km/H
Caudal 10L/hra
Hancho de 6 a 8 metros","Mientras se esta fumigando en el control se muestran parametros de cuantas hectareas va fumigando, y al acabarse la calda se muestra un porsentaje de cuanto avanzo y cuanto falta por terminar, como tambien al terminar de fumigar cada campo, en el control se muestra cuantas hectareas se fumigo en total, a que altura , cuanto tiempo duro, a que caudal fue","cuando termino de fumigar un lote inmediantamente me voy a otro lote a fumigar, por que nunca son todas las hectareas juntas, ejemplo, sin nos dan 100 hectareas, estan estan dibididas entre 20, 10, 15 como puede ser hasta 5 hectareas, pero al terminar cada lote lo que hago es sacar una foto al reporte que me muestra el control de como fur la fumigacion como lo explique  anteriormente en una pregunta atras, ya al terminal todos los lotes le aviso al cliente que ya termine y si requiere un reporte, les mando las fotos que saque de cada lote que se fumigo y le hago el cobro",,"En si se puede desir que es de ambas personas, ya que normal mente tienen que ser vientos con rafagas arriba de 20km/h para que paremos, tenemos un medidor del tiempo, y si vemos que estan pasando los parametros o si ya esta por llegar, paramos la fumigacion, hay veces que el cliente quiere que sigamos y nosotros paramos por la seguridad del dron, como hay veces que el cliente quiere que paremos y paramos","esa el la responsabilidad del cliente o de su encargado, ya que ellos son quienes se encargan de hacer la calda, en ese caso se tiene que hacer de nuevo la calda pero con menos quimicos a mesclar","todas las toma el operador del dron, ya que el es quien reguarda la seguridad del dron y que sea una buena fumigacion sin deriba ","Nunca se los a dejado, si por algun motivo hubo un accidente, se a visto la forma de poder terminar el trabajo ya sea que se retire uno y vuelva a los dias o que otro equipo vaya a remplazarlo ",,"En ese caso el operador del dron hace que el dron vuelva  y verificamos cual es el problama hacemos una revision del dron en fisico, vemos si hay algun cable suelto o mal conectado, o quizas sea problama de bateria recalentada","No se aplican  en areas donde hayan obstaculos dentro o al borde del mapeo, si es dentro, y hay una casa o un arbol o no hay siembra o hay una laguna, se lo marca como obstaculo y automaticamnte el dron al fumigar rodea esa parte marcada y no la fumiga despues todo lo demas que esta dentro del mapeo se fimiga, a menos como dije anteriormente que haya un obstaculo, el obstaculo queda regitrado en el mapeo","si, en su momento lo hice, pero hoy ya no lo hago, y tampoco lo recomiendo, quis lo deside en si es el operador, pero es algo que no se debe hacer por la seguridad del dron y de que se haya hecho una buena fumigacion sin deriba ","Nada literalmente, hasta que pase la lluvia, una ves para se esoera con media hora, a una hora a que seque la siembra y resien se vuelve a fumigae, pero si llueve todo el dia ya es un dia perdido","en un dia bueno se puede hacer 100 hrs todo un dia sin parar desde la mañana hasta la noche y quizas madrugada si es que hubo al gun problema, con el t 50 se puede hacer hasta 170 hectareas aldia  bien trabajado de igual manera desde lamañana hasta la noche

y en un dia malo pueden ser 10, 20hrs al dia

incluso hacer arriba de 60 hectareas al dia por dron ya es un buen dia trabajado","10 a 12 minutos de vuelo por bateria
hago como 5 tnaque por hora",como 2 a tres veces en la campaña anterior,,"uno bueno es donde es recto y no tiene obstaculos o no mas de uno, el malo ya es cuando el chaco es con desnibeles, hay surcos muchos arboles u obstaculos y tiene una mala fotma sus bordes",,,
25/8/2026 14:04:37,miguelito justiniano dorado,una,"asegurarme que las mesclas esten listas y en campo. dirigirme al lugar revisar el dron y baterias, elices y demas.
si esta todo listyo empezar con la fumigacion segun en los horarios en los que se pueda fumigar dicha mezcla.
al trminar se lava el tanque del dron y cargan las baterias para luego guardarlas e ir a descansar a donde corresponde.","se recibe mediante el encargado de la fumigacion o cliente. antes se les indica que deben tener las mesclas listas y que debe haber una persona a cargo de la preparacion y llenado de tanque del dron. aunque pocas veces nos han otorgado una
por lo general se fumiga 10lt por hectarea varia segun peticion del cliente 
el formato es verbal la mayoria de las veces y tambien por whasapp nos pasan mapas o croquis de los mapas a fumigar","que el clima sea favorable
vientos, lluvia, etc
revision de conectores de baterias, dron y generador 
que el generador tenga combustible caso contrario cargar 
revision de elices y motores 
vericar brazos ajustados
verifico en el control que no haya errores o alertas 
verifico las bombas y boquillas","varia segun el tipo de lote y fumigacion 
normalmente de 2 a 3 mts sobre el cultivo, velocidad de 20 o mas km/h
generalmente 10lts por hectarea
4/4.5 de ancho

se define en coordinacion con el ingenieero Carlos Ferrufino o tambien el piloto","Segun los lotes realizados y el tamaño de los mismos se puede saber cuantos hectareas han sido fumigadas.
En el control donde vez los mapas Se los mapas realizados (fumigados) y los mapas en curso (que aun se estan fumigando)","Realizas una captura de pantalla del trabajo realizado en el control donde te muestra el 100% del lote fumigado.
En los mapas vez todos los mapas que realizaste y capturas pantalla para enviar un reporte al encargado de la fumigacion (cliente) y al ingeniero Carlos","el piloto se encarga de pilotear el dron y el fumigado en si, el auxilia se encarga de la bateria, generador y calda.","el piloto, decide para por viento y clima y tambien en encargado de la propiedad o de la fumigacion.
el que tiene la utlima palabra la tiene el cliente.
sucedio con el cliente no queria que se fumigue mas de 15km/h el decidio al final","la responsabilidad cae en quien preparo la calda.
normalmente el cliente tiene la calda lista
el piloo solo se encarga de fumigar, el encargado decide que hacer con la calda se puede recuperar o no
nosostro le sugerimos que quimicos no mezclar","si el dron tiene algun desperfecto de ultima hora no se fumiga y se avisa al inge.
pregunto si se retira y si el cliente ya pago","sucedio cuando nos prometios 180 ha si no, nos dieron poco hectarea y lotes distantes una de otras, donde no habi ni una persona que nos indique el lugar, y no habia nadi a cargo.
se dejo un lote de una hectara donde no se fumigo","no ha pasado, se termino el lote",trato de retonar el dron inmediatamente antes de que suceda algun accidente,"las parte que no se aplicar son los obtactulos que esten dentro del mapeo, ya sea un lago, arbol,casa o si esta en el borde se lo rodea","en cuando al clima no.
en cuando a la bateria con un minino de 5% es fue el limite.","se reporte el tema de la lluvia, se verifique hasta que tiempo va llover para dirigirse al lugar para fumigar","T30, depende de lo lote en un dia bueno podes fumigar hasta 100ha sin parar de dia y noche, en optims condiciones, T50 hasta 170ha en terreno plano.
y en dia malo 30ha ",5 vuelos de a 10min a 12 min fumigando 10lts por ha ,2 vez con el T50 que se estaba probando y el T30 cuando se cayo,"lo que mas molesta es la reaccion del cliente su exigencias, el clima el no poder avanzar,etc","un lote bueno  si es plano, no hay obstáculo al frente, no sea de 2 km de longitud y que la altura de la siembra no obstaculicen la vista.
un lote malo todo lo contrario, con obtaculos que se desplace de lote en lote, hay mas obstaculos para fumigar","que podes llevar el conteo de cuantas ha esta realizando, con que lote podes continuar al siguiente dia, notificacion de cuando combustibles queda","con el jefe de campo de principio se debe coordinar que lotes y cuando lotes va realizar cada uno.
cada piloto coordina con su auxilia en caso de no te funcione el auxilia coordinar para cambiar otro auxiliar con el jefe de campo",si algunos sufre alguna condicion o el tema de enfermedad por exposicion de los quimicos 
25/8/2026 15:25:02,carlos,3,"se levanta, se ve el clima, se verifria generador, gasolina, codina prara la calda, agua, revisar carga de control, craga d ebateria, asingacion de lote, aplciacion del sia anterior.",normamlte se cordina con el jefe de opraciones y el agrtonomo encargado,"se revisa dron, baterias, control, lote y se mapena","altura, velocidad, caudal, ancho de pasada. yo con el encargado agronomo.",don el avanace del dron en el control,"al encargadoi del dron, y entrego al jefe de operacion las captura.","conduicir, volar el dron y el empieza cunado hay que cmabiar la bateria y el generador.,",el agronomo con el piloto. ultimapalabrta el agronomo,"agronomo, se palicado otro elemento para contrarestar","todas se conultan, el dorn es lo mas caro",de 20- aplicaciones solo 1,no niguna discucion por que se saca capturas,"si es esc, revisamos power board, se esta calientre. si es motor, paramos y cambiamos, si es bateria no la usamos.",trodo lo que este fuera de cultivo y obstaculos.,el agronomo y el dueno de los drones,de 4 dias aopertivos 1 al menso es de lluvia,t50 de 120 a 180 hectareas,"10, perono se vuelo lleno es muy peligroso siempre es al t70 pera evitar strestt de bateria",1,lote y horaios,hacer erquilibri entre ambos,"cunado el dorn esta apagado juso alli se popdria hacer, en pleno vuyelo nada se debe hacer solo pilotear",,