Marca temporal,Tu nombre completo,¿Cuántas campañas de fumigación con drones llevás trabajadas?,"¿Cómo planificás el día siguiente: qué lotes, qué pareja piloto/auxiliar a cuál, en qué orden? ¿Cuándo lo hacés (noche anterior, madrugada)?","¿Con qué criterios asignás los lotes a cada piloto? Sé específico: cercanía, tamaño, dificultad, rotación, pedidos de ellos.",¿Cómo verificás lo que cada piloto dice que voló? ¿Alguna vez encontraste diferencias? Contá el caso.,"¿Cómo se coordina la logística del día: traslados, agua, gasolina, comida?","¿Cómo reportás el avance al encargado o al dueño hoy: qué, con qué frecuencia, por qué medio?",¿Qué decisiones tomás sin consultar y cuáles pasan sí o sí por el encargado o el dueño? Dá ejemplos reales.,"¿Hasta qué monto gastás de caja chica sin autorización, y cómo rendís esos gastos hoy?","Frente al agrónomo del cliente, ¿qué podés negociar vos directamente y qué escalás?","Después de una pausa por clima, ¿quién decide reanudar?","¿Qué hacés hoy que sentís que debería hacer otro rol, o al revés?","Contá la peor jornada de la última campaña: qué falló, qué hizo cada uno, cómo se resolvió.",Un piloto se enferma o renuncia a mitad de campaña: ¿qué se hizo?,Dron en tierra por falla y el repuesto no está en base: contá paso a paso qué ocurre y cuánto tardó la última vez.,Conflictos entre pilotos por lotes o por hectáreas: dá ejemplos y cómo los resolviste.,"El agrónomo reclama algo en pleno trabajo (dosis, deriva, un sector): ¿cómo se manejó?","De la última campaña, ¿cuántos días volables hubo por mes, aproximado?","¿Cuánto rinde de verdad cada modelo por día (T50 y T100), en día bueno y día malo?",¿Cuáles fueron los 5 gastos de emergencia más comunes de la caja chica?,¿Qué información te gustaría tener a mano cada mañana que hoy no tenés?,"¿Qué parte de tu día se va en ""apagar incendios"" que un sistema podría ordenar?",¿Cómo debería repartirse el trabajo difícil (lotes feos) para que sea justo y nadie reclame?,¿Hay algo importante de tu trabajo que no te preguntamos? Contalo acá.
25/8/2026 10:41:47,carlos,3,"ncohes anterior en cordinacion con el agronomo de la mepresa donde aplicaremos:lotes, pareja, ","experiecia en vuelo, capacidad del dron, oibstaculo y tipo de terreno. Si en piloto tiene mas experiecnia le doy lotes con mayor dificultad y al de menos lo pongo como en terereno menos peligrosos.",por la captura de pantalla y por el inicio de sesion.,"comida ellos normalmente tiene un comedor y no la proporciona, agua ellos normelmte tiene, Gasolina con el encargado de oprraciones  para ver donde comprar. Tranlados con el agronomo. tambien trnemos racion seca y agua en caso de no tener buena alimentacion por la emprea contratanmte.",con y un resumend e excel,"por ejempllo cunado el piloto no avance y pierde la ventana de aplkicacion por negligencia. que trabajen en lo te mas pqeuno cunado una beteriua falla, la cantidad de calda por vuelo, la signacion de conbuistible por aplicacion y su contrrol,",500 bs,solo se negocia con el tema de que lotes aplciare todo lo economico es con el de operaciones,agronomo del cliente,,"viento, la mezcloa tapo bomba, se calento la bateria y se dano.",Lo suplo hasta que llegue otro piloto.,se solciita a ciudad que se necesita y en 48 hora lo envian a la ciiduad mas cernana.,"si por que todos quierewn fumgar mas, yo lo que hago es hacerfun equilibrio. Resolviendo que asignarle a cada uno.","paramos, verificamos, evaluamos y seguimos. si nohay conformidad paramos y derivamo a el encargado de operaciones",16 dias por mes,120 el t50 y 170 el t100,"comida, coca y gasolina","reporte de lo apicado y canto flata por aplciar y que lotes, mejor si es es grafico en un mapa pra ver alas dfistancias. y planificar de mejor manera",normelmente es para paagare incendios y la automaticacion vendria en el sistema,equilibrsaarlos para qque tenga un extra de pago por lote tal vez un 10% mas adiocional  dependiendo del lote,
25/8/2026 12:01:03,Abraham Gutiérrez Contreras ,4,"Normalmente ya te dan los terrenos a fumigar ya si son varios terrenos directamente donde esté cerca el agua se fumiga primero, ayudante de piloto siempre el más responsable y el que no vea horario de trabajo porque en la fumigación te pagan por trabajo si más avanzamos mejor para ambos, casi siempre se organizan un día antes pero también tomando en cuenta el clima si el clima ayuda y no cambia de la nada ya está todo organizado pero si cambia se reorganiza todo de nuevo ",Cómo dije en la anterior pregunta normalmente te dan los terrenos a fumigar ya si van en grupo de dos o más drones siempre el más experimentado se va al terreno con más obstáculos o pendientes terrenos recién desmontados etc ,Directamente los pilotos no pueden mentir porque todas las hectáreas que realizan al dia queda guardado en el control remoto ,"Si ya tenías programado la fumigación se va con gasolina lista ya medida o que tengas de sobra la recomendación para todos los pilotos en gerenal o que directamente que alguien de tu trabajo te lleve gasolina para no perjudicar en el avance, si es agua siempre se pide al dueño del terreno agua se tiene que exigir porque es su responsabilidad, la comida depende si quedaron con el dueño que les daría comida belleza pero si es sin comida uno tiene que salir a buscar comida y si es traslado a otro terreno del mismo dueño simplemente te mudas y exigis lo ya mencionado ",Si tenés señal belleza pero si no esperar que el dueño venga a ver el avance ,"Todas las decisiones de fumigación siempre van coordinadas con el jefe y el dueño del terreno, ya si el dron empieza a fallar ya decidís darle solución para evitar problemas en el avance ","Los gastos de viáticos es alojamiento, comida agua, energizantes para combatir el sueño y la famosa y milenaria hoja de coca ya si te salís de esos gastos ya son problemas con el jefe porque es algo que no cubriria el viático o caja chica, el monto siempre varia en los alojamiento en comidas entonces loq uno tiene que tratar es evitar gastar por demas mientras menos gastas mejor ","Loq normalmente se negocia es los campos ejemplo si querés avanzar de atrás adelante si son varios terrenos a fumigar ya eso lo negocias con el dueño depende si el quiere o si quieres empezar por el terreno que estás mas cerca del agua , ya asumir otra negociación sin consultar al jefe es para problemas porque los propios dueños de los terrenos te ponen trampas o cualquier cosa para evitar no pagarles ",Si es por sol normalmente se fumiga después de las 5 o menos para que la mezcla actúe y penetre bien loq va matar o ayudar en su crecimiento eso lo decide el piloto o directamente el dueño del terreno si es por lluvia sería mejor preguntar al dueño o a un agronomo si es correcto seguir la fumigación ,Loq realmente deberían hacer los dueños de campo y no los pilotos de dron sería siempre cortar los árboles secos o ramas secas que sobre salen de las cortinas o de los árboles marcados como obstáculos ,El dron por falta de mantenimiento se accidentó se subió a 100 metros y de allá se lanzó quedando en nada ,Llega a pasar que se intoxican por el veneno lo cual pueden renunciar o enfermarse en plana campaña las enfermedades siempre atacan más en campo por los mosquitos ,Siempre es bueno que la empresa que presta servicio de fumigación tenga su técnico de dron para evitar esas fallas aunque aún así también llegan a ocurrir es normal eso pero no solo es cambiar las piezas y ya o bien lo realiza el técnico o el técnico da supervisión para que el piloto cambie la pieza dañada en campo siempre pasan esas cosas y normalmente se tarda de un día a más hasta llegar la pieza de cambio si el piloto no sabe mucho de mecánica que es normal eso se le hace una llamada para darle indicaciones de como cambiar la pieza o en último de los casos que no tuviera señal siempre es bueno tener una idea de como darle solución al problema o tener algun manual o videos de mecánica del dron muchas veces tener vídeo ayuda bastante en el campo cuando pasa algún problema ,"Siempre se deja un encargado de fumigación en todas las empresas de funcion existe el encargado de fumigación y el asigna los terrenos en base a la experiencia de los pilotos 
Ya si no hay simple se llama al jefe y el reparte los terrenos fin solución al problema papá nada de estar peleando fueron a trabajar no a pelear ","Normalmente reclama por la deriva cuando hay ráfagas de viento la deriva es muy notable y peligrosa para otra siembra si están muy cercas, la dosis normalmente las dan ellos en la mezcla del caldo, en sectores casi nunca si te dan un terreno a fumigar no tenes porque pasarte a otro terreno ya si haces eso es porque querés una tremenda reteada o querés que te voten ",Casi nada porque me dedique más a mecánica del dron pero mis colegas de fumigación un mes completo fumigo casi sin parar porque no había mucho viento ,Los drones fueron hechos para cada tamaño de terreno ejemplo si tenés más de 1000 hectáreas un T100 es el indicado más específico también otros pueden hacer pero el T100 avanza mejor y es menos de 1000 hectáreas T50 y T70P son los mejores porque se adaptan tanto como a grandes y pequeñas extenciones dia bueno del agras T50 avanza hasta 160 a 180 hectáreas T100 avanza hasta 300 Hectáreas pero teniendo en cuenta que sean terrenos muy grandes para llegar a ese avance en el T100 ,"Enfermedad del ayudante o piloto, posibles fallas en la camioneta, época de lluvia avances te quedas plantado por el terreno muy inestable ",Clima no siempre tenés la información exacta del clima y peor en campo,Ni idea compañero del más ,Siempre el piloto más experimentado siempre toda la vida ya si ambos son experimentados se turnan en una terreno malo vos en el próximo yo,
25/8/2026 12:19:03,David Omar Ríos Lino ,2,La planificación la manejo junto con el encargado. El me dice que lotes es más urgente e ir en orden. ,Pedidos de ellos,Con el mapeo. Se puede observar en el control. ,Yo lo coordino con personal de la propiedad y una noche antes... Le digo la hora que vamos empezar y ellos ya lo tienen listo ,Sacando foto a las hectáreas que se ha fumigado. Por medio del celular. ,"En cómo nos organizamos con el auxiliar, por qué nosotros de la manera que trabajamos vemos que más efectivo o mejor para ambos. ",Varía depende cuantos días estamos en fumigación. Se gasta dependiendo que en algunas propiedades no nos proporcionan comida. Se rinde mediante extractos,Se negocia el tema que nos tienen que proporcionar una persona para hechar el líquido. Si no tienen a quien podemos hacerlo nosotros pero primero debemos avisarle al jefe.,En caso tenemos que usar el Anemometro y ahí determinamos si es bueno volver a empezar.,Cuando llevas buena coordinación y organización como lo hacemos nosotros no vemos o no veo hacer algo más ,Tuvimos complicaciones con la calda. Habrá afectado el tema de la preparación por qué se hizo lodo mismo. ,No me ha pasado. ,Lo que pasa es que tenemos que esperar a que llegue el respuesto nuevo. 1 día a tardado ,No me ha pasado ,"La dosis es problema interno, entre quien prepara la calda. 
Deriva: Se le muestra lo que marca el Anemometro y si está muy alto se le recomienda parar un rato. 
",La última campaña fueron varios días. Mi persona hizo boleros y fumigación y estuvimos 1 mes y 1 semana ,Mi persona solo ha trabajado con T30 en boleo lo maximo llegamos a 80 o 90 hectáreas y en fumigación lo mismo,"Cuando se enfermo el auxiliar, mediante reporte al jefe lo derive a una farmacia ","En el tema de fumigación, el tema del clima y si la calda ya está lista. ",Registro de hectáreas fumigadas. ,"Ambos pilotos vemos un lote feo le metemos ambos a ese mismo. Así no hay líos
","Todo bien, todo claro. "
25/8/2026 15:14:13,Miguelito Justiniano,1,"dividir el terreno en cantidad de parejas, si trabajen en turno dia y de noche, cambio de turno","por la experiencia, mas obstaculos va el piloto con mayor experiencia, el junio va a campos sin menos obstaculos","todo queda registrado en el control remoto, se sube en la nube y en un chip","en la propiedad la logistica se encarga con el cliente (calda, agua) y el piloto se encarga de la gasolina","sacando capturas del control, pasas informe:
en la captura sale todos los parametros del mapeo, y el porcentaje. tiempo de cuanto fumigaste, caudal litro por ha, altura, velocidad, ","toma decisiones siempre y cuando se solucione la falla en el dron en ese momento sin la necesidad de ir a un taller, en caso del personal si sufre algun accidente que pueda reemplazar con otro personal","en el campo no hay gastos 
en viaje se gasta comida alojamiento, agua, etc
equipamiento alimenticio 
medicamentos 
se rinde mediante capturas de qr 
 y en caso de que solo se pague por efectivo por facturas ","no se negocia 
",depende entre el piloto y el cliente. y si no llovera de nuevo ,no entendi,la peor jornada se me cayo el dron ,se lo reemplaza por otro ,tardaba de 24/48hrs tarda el repuesto en llegar y uno vuelve a operar,se coordinaba y se dividia campo. ya sea por cansancio o otras razones,en base a las ordenes del cliente o el mismo agronomo. ,15 o 16dias devido a desplazamiento,120h t50 y 200h t100 trabanjando 8hr en optimas condiciones,"energizantes
agua
remedios
cambio de llantas
",clima,"que el de operaciones vea tema de repuestos, combustibles, reporte de avanze
",por experiencia de cada piloto,