Marca temporal,Tu nombre completo,¿Cuántas campañas de fumigación con drones llevás trabajadas?,"Contá tu día completo de trabajo, paso a paso, como si se lo explicaras a un auxiliar nuevo.",¿Cómo preparás un caldo desde cero? Paso a paso desde el agua: en qué orden echás los productos y quién te enseñó ese orden.,¿Cómo calculás cuánto producto ponerle a cada tanque? ¿Quién te da la dosis y en qué formato te llega?,"Describí el cambio de batería completo: qué hacés, qué mirás, cuánto tarda.",¿Cómo organizás la rotación de baterías y el generador durante el día para que el dron nunca espere?,"¿Qué anotás hoy durante el día, y dónde (cuaderno, celular, memoria)?","¿Qué cosas hacés vos que creés que debería hacer el piloto, o al revés?","Si un caldo sale mal, ¿quién responde? ¿Te pasó? Contá cómo se resolvió.",¿Quién define cuánta agua/volumen se usa por tanque? ¿Alguna vez lo decidís vos?,"Cuando falta gasolina, agua o producto, ¿a quién avisás y qué pasa después?","¿Qué productos dan problemas (grumos, espuma, se corta el caldo)? ¿Cómo te das cuenta ANTES de cargarlo al dron?",¿Qué hacés con el sobrante del último tanque del día y con los envases vacíos?,"Contá una vez que una batería salió muy caliente. ¿Qué hiciste, y cómo decidís que una batería ""está muy caliente""?",¿Qué pasa cuando el generador falla o no da abasto con todas las baterías?,"Cuando dos drones trabajan cerca, ¿atendés a los dos? ¿Cómo te organizás?",¿Cuántos tanques preparás en un día bueno y cuánto tardás por tanque?,"¿Cuántas baterías por dron se usan en rotación? ¿Alcanzan, o el dron a veces espera?",¿Cada cuánto le cargás gasolina al generador y de cuántos litros es cada carga?,¿Qué te haría el trabajo más fácil o más rápido?,"Del equipo de protección (guantes, barbijo/respirador, antiparras), ¿qué usás siempre, qué a veces y qué nunca? ¿Por qué?","Si una app del celular te calculara las cantidades exactas por tanque y el orden de mezcla, ¿la usarías? ¿Qué tendría que tener sí o sí?",¿Hay algo importante de tu trabajo que no te preguntamos? Contalo acá.
25/8/2026 11:09:19,Abraham Gutiérrez Contreras ,4 campañas ,"Primero se hace reconocimiento del terreno a fumigar, luego se procede con la preparación del campo y materiales como mapeo preparación del caldo una vez ya preparado todo se realizó la fumigación,el piloto siempre tiene que estar pendiente de control remoto y dron para evitar posibles accidentes por descuido o posibles accidentes por fallas del mismo dron, el ayudante del piloto tiene que estar cambiando batería, llenando el dron de caldo, cargando las baterías revisando si el generador la falta gasolina estar pendiente de cuánto de caldo tiene preparado en casi si ellos mismos lo preparan tener agua lista para la preparación y si el dueño del terreno tiene su personal de preparación de caldo avisarles que ya tiene poco caldo y así hasta terminar la fumigación ","Normalmente los agronomos hacen la preparación del caldo, luego también el propio dueño te da la orden de mezcla para hacer la preparación cuánto litros por hectárea quiere dependiendo a eso se basa la preparación del caldo y si existe una orden ya hecha para la preparación de caldo es un orden general que no me cuerdo pero lo tengo guardado jejeje ","Normalmente ya tenés el caldo preparado y toda la información que pones al dron te lanza ya todo listo loq uno tiene que hacer es solo llenar de caldo al tanque del dron tener en cuenta que en el dron pones cuántos litros por hectárea vas a fumigar y tamaño de gotas velocidad,etc ",Cuando el dron vuelve al punto de partida o retorno a casa se cambia si o si la batería para evitar accidentes en pleno como aterrizaje de emergencia por falta de batería o directamente el dron se apaga por falta de batería por eso se cambia si o si la batería cada que el dron llegue a su punto de partida ,Antes ya de empezar con la fumigación las baterías tienen que estar cargadas para evitar esperas por batería ya que si te demoras en cargar las baterías también demoras en el avance de fumigación por eso se recomienda tener las baterías cargadas antes de empezar con la fumigación para seguir el ciclo de cambiar batería y poner a cargar son 3 baterías entonces cuando el dron sale con una batería ya dos baterías están esperando su turno cargadas y enfriadas ese ciclo evita sobrecalentamiento en las mismas ya mencionadas ,Se anota las hectáreas fumigadas normalmente loq importa es las hectáreas de fumigación cuánto avanzaste y cuantas te faltan podes anotarlo tanto en tu celular como en cuaderno también se saca la información del dron el terreno que fumigas queda guardado en el control remoto sacas información del control remoto eso lo encontras en el mapeo cuántas hectáreas fumigaste ,"Todo piloto es encargado del cuidado del dron entonces todo piloto debería revisar el estado de los pines de las baterías por la acumulación de polvo eso puede afectar mucho en el dron como en las baterías porque daña los pines de las baterías como los pines de la placa de conexión de batería del dron , también siempre revisar las helices porque se aflojan por el trabajo continuo y estar pendiente de los RPM de las bombas como de las centrífugas eso es ley para todo piloto estar pendiente de los RPM para garantizar una exelente fumigación ","Normalmente cuando el caldo se corta queda como quesillo es primordial darle una limpieza de bombas  y centrífugas al dron para evitar daños de las mismas, el corte del caldo puede ser por una mala mezcla normalmente es por una mala mezcla también puede pasar cuando el veneno está vencido entonces loq procede normalmente es tratar de recuperar el calor cortado con varios coadyuvante que ayudan a recuperar un caldo cortado como el all ok actúan muy rápido para la recuperación de caldo cortado ya recuperado el caldo las recomendaciones dependiendo de la mezcla realizada se recomienda estar batiendo constantemente el caldo para evitar que se corte de nuevo ","Cómo ya mencioné el caldo se prepara aparte ya con medidas y orden de mezcla preparada ya listo para las hectáreas a realizar entonces loq un ayudante de piloto realizó es simplemente llenar el tanque de caldo siempre respetando el límite recomendado por cada dron ejemplos agras T30 recomendaciones a llenar el tanque líquido es de 20 a 26 litros por cada vuelo, agras T40 y T50 recomendado de 30 a 36 litros ","Cuando te falta gasolina es por no sacar bien tus cálculos la gasolina la pones vos porque va dentro de tu logística de trabajo siempre es bueno llevarse más gasolina de lo que se va ocupar recomendación de oro , si te falta producto o agua no siempre va ser por falta responsabilidad del dueño pero mayormente es de ellos porque ellos son los responsables de ponerte agua y producto de agroquímico para tu fumigación entonces si te falta agua y producto pides al dueño del terreno si te falta gasolina pedis a tu jefe que es el encargado de proveer la gasolina y la logística correspondiente ya si fue por fallas tuyas de la gasolina solo tenés que resar para que no te cuelgen jajajaja ","Existen miles de agroquímicos tantos de buena calidad como de mala calidad entonces normalmente no te das cuenta al instante porque la gran mayoría de los pilotos no son agronomos entonces cuando salen grumos en la mezcla del caldo no siempre son visible a comparación de la espuma o corte directamente el grupo es el enemigo silencioso que daña tus bombas y centrifugas como darse cuenta en los RPM de las bombas y centrifugas cuando tenés grumos acumulado en el tanque del dron casi no visibles esos te causan problemas en los RPM de las bombas y centrifugas recomendacion limpiar las bombas y tanque para evitar daños en el dron porque normalmente el dueño te niega colocar un coadyuvante para combatir el grumo en conclusión los productos de mala calidad y una mala mezcla te causan corte, espuma y grumos en el caldo lo cual daña tu dron ","Normalmente loq sobra de caldo se lo repaca en las cortinas (orillas del terreno) para no botar por botar el caldo y aprovecharlo en todo el terreno, los envases siempre se recogen y se entregan al dueño si esq el piloto y ayudante hicieron la mezcla ","Es normal que las baterías se sobrecalenten por falta de limpieza en los pines o daños en las celdas por golpes entonces si te pasan en campo en plena fumigación el sobrecalentamiento de baterías recomendación dejar de usar la beteria para evitar accidentes en el dron o daños en la placa de conexión de batería del dron 
Y como darse cuenta que las baterías están muy calientes siempre estar tocando las mismas o directamente te avisa en el control remoto que la batería está sobrecalentada pero la mayoria de las veces no te sale sobrecalentamiento en las beterias y te daña la placa de conexión y esa placa te daña las otras baterías en si es ciclo de daños ","Si es generador industrial o general mayormente el piloto no sabe de mecánica de generador asiq buscar un taller lo más antes posible y tener un generador que te salve el día generador de repuestos, ya si es generador DJI podes darle solución si no es fallas mecánicas tener en cuenta que el generador DJI también tiene su sistema eléctrico sistema inteligente si es fallas de firmware se puede dar solución conectando el control remoto al cargador interno del generador 
en conclusión si es fallas mecánicas casi nada que hacer y es fallas de sistemas se puede dar solución para que no te afecte en el avance de la fumigación porque si te demoras en cargar las baterías te demoras en fumigar y si no cargas batería por fallas del generador te quedas sin fumigar el terreno ","Se puede trabajar con dos drones a la vez pero no es recomendable porque un simple descuido puede causar accidentes 
Pero si dos drones trabajan cerca o en el mismo terreno cada dron con su piloto y ayudante simplemente se divide el terreno a fumigar ",Todo eso depende de muchos factores si es un terreno con mucha hectáreas como de 500 a 100 hectáreas preparas más de dos tanques de 1000 litros y si es un tanque de 200 o 500 litros son más de 10 preparación  y demostrar en la mezcla también dependiendo del tamaño del tanque pero normalmente son de 10 a 15 minutos de demora porque tarde en llevar de agua el tanque es loq más se demora ya si no tenemos motobomba ya tarde demasiado más de 30 o 40 minutos ,Normalmente se usa 3 baterías por dron loq hace que el dron no llegue a alcanzar el tiempo de cargar de las baterías son los generadores muchos de ellos si no son de la marca de DJI son son tan rápidos entonces el dron te alcanza en las baterías ,Normalmente el generador es de 30 litros su también en general si es DJI un 30 litros todo el día guanta o un poco más si no es marca DJI la diferencia es de 10 litros o menos en algunos casa ,"Muchas cosas para empezar el terreno si es plano avanzas rápido, baterías si tenés 4 baterías avanzas más rápido, el clima si no está venteando muy fuerte o directamente si no hay viento avanza más ",Y normalmente no te dan equipos de protección pero sería siempre recomendable usar todo lo mencionado en la pregunta ,"En mi punto de vista te ayudaría un poco teniendo en cuenta que si más nos actualizamos en la agricultura mejor será para cada agricultor si una app te da el orden de mezcla, cantidad de litros, cantidad de agroquímicos sería de una gran ayuda para todos y especialmente para los pilotos ","Si como cuidarte de trabajar de los químicos que se usan , sería bueno que todos cuiden su salud porque la salud hace que el trabajador haga su trabajo exelente "
25/8/2026 11:48:41,David Omar Ríos Lino ,2,"Primeramente alistamos el dron, generador las baterías que todo este en perfecto estado y limpio. Baterías cargadas y listas. Hacer limpieza a los pines de las baterias, los pines del dron, las boquillas de dron. Hacer prueba de fumigación con agua para ver qué las boquillas no estén tapadas. Ese mismo procedimiento se repite varias veces al día. En mi casa yo lo repito cada 3 viajes que hace dron. 
Lo mismo del dron revisar las aspas que estén fijas. 
Estar pendiente de las baterías cuando están cargando. 
No nos olvidemos que también tenemos que tener las media de seguridad personal. 
Barbijos, guantes, mi persona se lleva aparte agua con hace para lavarse las manos.",Depende del producto. En mi caso y dónde hemos fumigado el ing agrónomo es el encargado de hacer la preparación y tenerlo listo para nosotros empezar con la fumigación ,El Ing. Agrónomo de la propiedad es quien se encarga de todos esos pasos. En las 2 campañas que he estado la preparación lo hace personal de la propiedad ,"Unas el dron vuelva de fumigar, cambio de batería por una ya cargada. En este caso hago rotación de baterías para que no se lleguen a calentar y dañar los pines. 
Por eso siempre es bueno y recomendable tener 3 baterías o más.
Normalmente la carga de cada batería varía dependiendo del generador. Si es carga rápida o lenta. ","Mi persona etiqueta las baterías. 
Batería 1, batería 2 y batería 3. 
Carga la 1 procedo con la 2 mientras las 3 están en vuelo. Así hago mi rotación. 
",.,En si mi trabajo con el del piloto está bien divido. No creo que le faltaría hacer algo más o yo hacer algo más. ,"Corresponde a quien hizo la preparación. 
Si me pasó. 
Se resolvió preparando nueva calda. 
Pasa que problema de nosotros no fue. Una mañana prepararon una calda para un lote estábamos fumigando y el encargado dijo que paremos y que vayamos a otro lote que era más urgente. Fuimos y volvimos despues de 3 días o 4 días. Claro que no era por no querer fumigar si no que nos cambiaban de lote a casa rato. En si nos llegó a perjudicar la producción del día, mucho tardamos... Llegó el día en volver a fumigar el lote y veneno que tenía que estar líquido estaba muy espeso, como lodo. 
Hicimos el reporte correspondiente con pruebas de que el encargado de la propiedad nos pidio dejar ese lote y movernos a otro. ","Mi persona nunca decidió eso. 
Solo miraba ",El tema de la gasolina  lo veo primeramente con mi jefe. El producto si falta de igual le aviso a el y al encargado de la propiedad ,Se llega a ver bien cuando el producto está bien espeso. ,"Con el sobrante el piloto se encarga de regarlo en la parte del lote donde casi no puede llegar el del debido a las cortinas. 
Los envases vacios son dejado en el lote para después el personal de la propiedad los recoja. Claro que se lo dejamos ordenado ","Es justamente que hago la rotación de las baterías para que no pase eso, sobre calentura en las baterías. No me ha pasado ",Sería bueno tene un generador más de apoyo. No me ha pasado. ,Me organizo con el otro auxiliar y trabajamos en coordinación. Ambos nos ayudamos ,Nunca hemos contado cuántos tanques. Nos basamos en las hectáreas,Mi persona a trabajado con 3 baterías y si alcanzan. ,"Cada 4 horas, tiene su medida de gasolina el generador. De 20 litros ",Un Dron más grande. ,"Guantes y barbijos. 
Siempre lo uso",Llegaría a usarla pero tendría que consultar con el ing agrónomo si es lo adecuado. ,"Todo bien, todo claro. "
25/8/2026 14:41:49,Miguelito Justiniano Dorado,1,"aprendizaje manejo de bateria, llenado de tanque, limpieza de conectores, aprendizaje para enceder el generador, llenado de combustible y estar pendiente a lo que necesite el piloto mientras esta fumigado",eso se encarga el cliente,se encarga el cliente,"llega el dron con la bateria descargada, se apaga el dron, se retira la bateria y se coloca una nueva cargada, se dirige al generador, se prede la bateria descargada se espera que cargue.
en el control indica cuanta carga tiene en porcentaje
se demora en 5mins ","por el motivo de que el generado es de carga rapida no hay espera en cuestion de carga la baterias:
por el motivo de que el generado la carga en 8min la bateria y un vuelo de dron tarda entre 10 a 12 mins.
se llevan 2 a 3 baterias ",no se escribe nada por el motivo de que todo se queda en el dron. todo lo sacas del control remoto,tiene que revisar la helices y los pines del dron que no este sucio en pleno trabajo,el cliente,respetando los rangos de cada dron,"si te falta agua y producto es culpa del cliente, si te falta gasolina es mala coordinacion del piloto y ayudante","cuando hay problema el caldo se te corta, eso depende de la calidad del producto. y en el ultimo de los caso si no te nota los grumos de los caldos se revisa RPM cuando ya tiene grumos dentro, eso jode centrifuga y bomba","se lo queda el cliente, si sobra medio tanque del dron se lo echa en las cortinas (orilla del campo)","cuando la bateria esta caliente, al tocar porque no te avisa en el control remoto que la bateria esta super caliente, porque joden los pines de conextion del dron y de la bateria
te sale advertencia en el control remoto","se para la fumigacion, si error de sistema se puede dar solucion, solo la falla mecanica no se soluciona",se divide campo ,dependiendo del tamaño del tanque y de la ha a fumigar,3 baterias,"2 veces al dia, 25 litros por cargar, 50lts en total en el dia y en la noche. 5am a 10pm","que haiga todas la condiciones, campo limpio, que el cliente tenga la calda preparada, el camino mas accesible",no utilizas nada ,"si.
calculacion de la dosis por ha.
por tipo de siembra, por ancho de banda del terreno, ",carga el Qr para cobra de los empleados 